series,timestamp,value
"dsp-native-basyx",1786479285,"0"
"dsp-native-basyx",1786479290,"0"
"dsp-native-basyx",1786479295,"0"
"dsp-native-basyx",1786479300,"0.01818181818181818"
"dsp-native-basyx",1786479305,"0.018182479362885924"
"dsp-native-basyx",1786479310,"0.01818181818181818"
"dsp-native-basyx",1786479315,"0.01818280997145299"
"dsp-native-basyx",1786479320,"0.018182479362885924"
"dsp-native-basyx",1786479325,"0.01818280997145299"
"dsp-native-basyx",1786479330,"0.018182479362885924"
"dsp-native-basyx",1786479335,"0.01818181818181818"
"dsp-native-basyx",1786479340,"0.018182479362885924"
"dsp-native-basyx",1786479345,"0.01818181818181818"
"dsp-native-basyx",1786479350,"0.01818181818181818"
"dsp-native-basyx",1786479355,"0"
"dsp-native-basyx",1786479360,"0"
"dsp-native-basyx",1786479365,"0"
"dsp-native-basyx",1786479370,"0"
"dsp-native-basyx",1786479375,"0"
"dsp-native-basyx",1786479380,"0"
"dsp-native-basyx",1786479385,"0"
"dsp-native-basyx",1786479390,"0"
"dsp-native-basyx",1786479395,"0"
"dsp-native-basyx",1786479400,"0"
"dsp-native-basyx",1786479405,"0"
"dsp-native-basyx",1786479410,"0"
"dsp-native-basyx",1786479415,"0"
"dsp-native-basyx",1786479420,"0"
"dsp-native-basyx",1786479425,"0"
"dsp-native-basyx",1786479430,"0"
"dsp-native-basyx",1786479435,"0"
"dsp-native-basyx",1786479440,"0"
"dsp-native-basyx",1786479445,"0"
"dsp-native-basyx",1786479450,"0"
"dsp-native-basyx",1786479455,"0"
"dsp-native-basyx",1786479460,"0"
"dsp-native-basyx",1786479465,"0"
"dsp-native-basyx",1786479470,"0"
"dsp-native-basyx",1786479475,"0"
"dsp-native-basyx",1786479480,"0"
"dsp-native-basyx",1786479485,"0"
"dsp-native-basyx",1786479490,"0"
"dsp-native-basyx",1786479495,"0"
"dsp-native-basyx",1786479500,"0"
"dsp-native-basyx",1786479505,"0"
"dsp-native-basyx",1786479510,"0"
"dsp-native-basyx",1786479515,"0"
"dsp-native-basyx",1786479520,"0"
"dsp-native-basyx",1786479525,"0"
"dsp-native-basyx",1786479530,"0"
"dsp-native-basyx",1786479535,"0"
"dsp-native-basyx",1786479540,"0"
"dsp-native-basyx",1786479545,"0"
"dsp-native-basyx",1786479550,"0"
"dsp-native-basyx",1786479555,"0"
"dsp-native-basyx",1786479560,"0"
"dsp-native-basyx",1786479565,"0"
"dsp-native-basyx",1786479570,"0"
"dsp-native-basyx",1786479575,"0"
"dsp-native-basyx",1786479580,"0"
"dsp-native-basyx",1786479585,"0"
"dsp-native-basyx",1786479590,"0"
"dsp-native-basyx",1786479595,"0"
"dsp-native-basyx",1786479600,"0"
"dsp-native-basyx",1786479605,"0"
"dsp-native-basyx",1786479610,"0"
"dsp-native-basyx",1786479615,"0"
"dsp-native-basyx",1786479620,"0"
"dsp-native-basyx",1786479625,"0"
"dsp-native-basyx",1786479630,"0"
"dsp-native-basyx",1786479635,"0"
"dsp-native-basyx",1786479640,"0"
"dsp-native-basyx",1786479645,"0"
"dsp-native-basyx",1786479650,"0"
"dsp-native-basyx",1786479655,"0"
"dsp-native-basyx",1786479660,"0"
"dsp-native-basyx",1786479665,"0"
"dsp-native-basyx",1786479670,"0"
"dsp-native-basyx",1786479675,"0"
"dsp-native-basyx",1786479680,"0"
"dsp-native-basyx",1786479685,"0"
"dsp-native-basyx",1786479690,"0"
"dsp-native-basyx",1786479695,"0"
"dsp-native-basyx",1786479700,"0"
"dsp-native-basyx",1786479705,"0"
"dsp-native-basyx",1786479710,"0"
"dsp-native-basyx",1786479715,"0"
"dsp-native-basyx",1786479720,"0"
"dsp-native-basyx",1786479725,"0"
"dsp-native-basyx",1786479730,"0"
"dsp-native-basyx",1786479735,"0"
"dsp-native-basyx",1786479740,"0"
"dsp-native-basyx",1786479745,"0"
"dsp-native-basyx",1786479750,"0"
